,delivery_reliability,cost_efficiency,defect_rate,quality_score,on_time_delivery_rate,response_time_hours,customer_satisfaction
0,56.406097439361,81.06184899679532,1.7634315927443351,50.58684714527531,56.23423460718737,23.582943403750033,6.347526329554956
1,61.08306611003083,52.45049341324776,1.791377339813761,77.36559039335347,61.163614804371555,20.444038754753883,6.936266494632652
2,40.55727715241093,36.921520946410794,4.7254991771692305,54.48627758781396,40.343566657877716,20.229930190544714,4.6397862442138225
3,73.42177989731273,75.98925805430346,1.6333679737513007,81.35381519664604,73.48286429896791,20.57209353032619,7.968816826482172
4,81.26514082221183,59.11320938415755,2.938693326609883,45.36805921628872,81.2076698544708,16.945091858422355,6.293322957661603
