Method,Silhouette,Davies-Bouldin,Calinski-Harabasz
K-Means,0.26836797662295653,1.268282753603305,9.65093821660182
DBSCAN,0.3666566075103329,0.8190992762101332,12.518338696307342
Hierarchical,0.2868770376124186,0.47304810969368827,4.48819069090993
Ensemble,0.26836797662295653,1.268282753603305,9.65093821660182
