,delivery_reliability,delivery_reliability,cost_efficiency,cost_efficiency,defect_rate,defect_rate,quality_score,quality_score,on_time_delivery_rate,on_time_delivery_rate,response_time_hours,response_time_hours,customer_satisfaction,customer_satisfaction
,mean,std,mean,std,mean,std,mean,std,mean,std,mean,std,mean,std
cluster,,,,,,,,,,,,,,
0,40.83698656173378,4.635617875441745,36.86019180236684,6.390982188668202,4.6798578619108495,1.3384109277592364,54.26426071294359,3.6297955226537435,40.5188661935864,3.8123676947074605,20.13362780193796,2.6046430772017595,4.665744218766004,0.6234429926959103
1,65.72731315304341,10.698222584417467,66.54094514455788,14.726889073880344,1.762405871910355,0.8848872423723053,69.34791640438485,17.692898393394476,65.77213509721955,10.947389937403718,20.86377873075715,5.258078064846636,7.05395854185117,0.8607361281776198
2,84.47820577404086,8.871414069231138,52.19228487506486,15.07344589720683,3.819119589812855,1.8788239032933387,46.32547941042029,4.913692794936155,84.19174821733723,10.05367965098877,15.536312939186768,3.755987777884971,6.202561898891954,0.5635779667327071
